{
    "NameTable": {
        "_vcs_unit__4286234733": [
            "_vcs_unit__4286234733",
            "IB2K7",
            "module",
            1
        ],
        "...MASTER...": [
            "SIM",
            "amcQw",
            "module",
            7
        ],
        "std": [
            "std",
            "reYIK",
            "module",
            2
        ],
        "test": [
            "test",
            "x9Hvb",
            "module",
            4
        ],
        "top": [
            "top",
            "Emx8S",
            "module",
            3
        ],
        "ac_if": [
            "ac_if",
            "kK30E",
            "module",
            5
        ],
        "accumulator": [
            "accumulator",
            "v8fid",
            "module",
            6
        ]
    },
    "cycles_program_begin": 26122785288166706,
    "rlimit": {
        "data": -1,
        "stack": -1
    },
    "SIMBData": {
        "out": "amcQwB.o",
        "text": 0,
        "bytes": 106856,
        "archive": "archive.26/_166824_archive_1.a"
    },
    "perf": [
        {
            "stat": [
                "main",
                "entry",
                0.019033193588256836,
                0.045017000000000001,
                0.037013999999999998,
                214896,
                214896,
                0.0,
                0.0,
                1716367893.0821731,
                26122785288394708
            ],
            "sub": [
                {
                    "stat": [
                        "doParsingAndDesignResolution",
                        "entry",
                        0.047120094299316406,
                        0.054375,
                        0.046167,
                        236660,
                        237328,
                        0.0,
                        0.0,
                        1716367893.11026,
                        26122785355822138
                    ],
                    "sub": []
                },
                {
                    "stat": [
                        "doParsingAndDesignResolution",
                        "exit",
                        0.064227104187011719,
                        0.066419000000000006,
                        0.051090999999999998,
                        237624,
                        238272,
                        0.0,
                        0.0,
                        1716367893.127367,
                        26122785396624878
                    ],
                    "sub": []
                },
                {
                    "stat": [
                        "doPostDesignResolutionToVir2Vcs",
                        "entry",
                        0.064947128295898438,
                        0.067126000000000005,
                        0.051090999999999998,
                        237780,
                        238272,
                        0.0,
                        0.0,
                        1716367893.128087,
                        26122785398315900
                    ],
                    "sub": [
                        {
                            "stat": [
                                "doUptoVir2VcsNoSepCleanup",
                                "entry",
                                0.071599006652832031,
                                0.072656999999999999,
                                0.05219,
                                238940,
                                238944,
                                0.0,
                                0.0,
                                1716367893.1347389,
                                26122785414232022
                            ],
                            "sub": []
                        },
                        {
                            "stat": [
                                "doUptoVir2VcsNoSepCleanup",
                                "exit",
                                0.095569133758544922,
                                0.091653999999999999,
                                0.056010999999999998,
                                240528,
                                255972,
                                0.0,
                                0.0,
                                1716367893.158709,
                                26122785471620634
                            ],
                            "sub": []
                        },
                        {
                            "stat": [
                                "doRadify_vir2vcsAll",
                                "entry",
                                0.09564208984375,
                                0.091728000000000004,
                                0.056010999999999998,
                                240528,
                                255972,
                                0.0,
                                0.0,
                                1716367893.158782,
                                26122785471767882
                            ],
                            "sub": []
                        },
                        {
                            "stat": [
                                "doRadify_vir2vcsAll",
                                "exit",
                                0.1010901927947998,
                                0.095348000000000002,
                                0.057817,
                                241848,
                                255972,
                                0.0,
                                0.0,
                                1716367893.1642301,
                                26122785484842970
                            ],
                            "sub": []
                        }
                    ]
                },
                {
                    "stat": [
                        "doPostDesignResolutionToVir2Vcs",
                        "exit",
                        0.1011350154876709,
                        0.095377000000000003,
                        0.057834999999999998,
                        241848,
                        255972,
                        0.0,
                        0.0,
                        1716367893.1642749,
                        26122785484920222
                    ],
                    "sub": []
                },
                {
                    "stat": [
                        "doGAToPass2",
                        "entry",
                        0.10116910934448242,
                        0.095396999999999996,
                        0.057847000000000003,
                        241848,
                        255972,
                        0.0,
                        0.0,
                        1716367893.164309,
                        26122785484995536
                    ],
                    "sub": [
                        {
                            "stat": [
                                "DoPass2",
                                "entry",
                                0.1604621410369873,
                                0.097668000000000005,
                                0.059007999999999998,
                                240292,
                                255972,
                                0.028346,
                                0.028524000000000001,
                                1716367893.2236021,
                                26122785627091878
                            ],