{
    "stat": {
        "ru_self_end": {
            "ru_nivcsw": 89,
            "ru_minflt": 28420,
            "ru_utime_sec": 0.16095000000000001,
            "ru_stime_sec": 0.101968,
            "ru_maxrss_kb": 86216,
            "ru_majflt": 0,
            "ru_nvcsw": 24
        },
        "cpu_cycles_end": 40686798631520716,
        "ru_childs_end": {
            "ru_nivcsw": 9,
            "ru_minflt": 6895,
            "ru_utime_sec": 0.035103000000000002,
            "ru_stime_sec": 0.028568,
            "ru_maxrss_kb": 22868,
            "ru_majflt": 0,
            "ru_nvcsw": 17
        },
        "peak_mem_kb": 255972
    },
    "Modules": {
        "accumulator": {
            "start_perf": [
                0.25534200668334961,
                0.151972,
                0.093981999999999996,
                249000,
                255972,
                1722450490.5081949,
                40686798590794072
            ],
            "Compiled": "Yes",
            "child_modules": {},
            "nQuads": 196,
            "Compiled Times": 27,
            "nRouts": 23,
            "end_perf": [
                0.26305818557739258,
                0.15778,
                0.095866000000000007,
                249000,
                255972,
                40686798609331904,
                25769803777,
                0
            ],
            "nMops": 543
        },
        "top": {
            "start_perf": [
                0.23429608345031738,
                0.142985,
                0.081990999999999994,
                247592,
                255972,
                1722450490.487149,
                40686798540399700
            ],
            "Compiled": "Yes",
            "child_modules": {
                "accumulator": 1,
                "test": 1,
                "ac_if": 1
            },
            "nQuads": 73,
            "Compiled Times": 27,
            "nRouts": 14,
            "end_perf": [
                0.24018216133117676,
                0.143901,
                0.086940000000000003,
                247592,
                255972,
                40686798554519656,
                12884901889,
                0
            ],
            "nMops": 207
        },
        "...MASTER...": {
            "start_perf": [
                0.16228199005126953,
                0.097782999999999995,
                0.062861,
                240300,
                255972,
                1722450490.4151349,
                40686798368036484
            ],
            "child_modules": {
                "_vcs_unit__4286234733": 1,
                "std": 1,
                "top": 1
            },
            "nRouts": 5,
            "end_perf": [
                0.1822509765625,
                0.102036,
                0.071025000000000005,
                242700,
                255972,
                40686798415846750,
                0,
                0
            ],
            "significant_routs": [
                [
                    1,
                    "SIM",
                    1746262,
                    266,
                    0
                ]
            ],
            "nQuads": 0,
            "nMops": 0
        },
        "_vcs_unit__4286234733": {
            "start_perf": [
                0.18239712715148926,
                0.102117,
                0.071081000000000005,
                242700,
                255972,
                1722450490.43525,
                40686798416176896
            ],
            "Compiled": "Yes",
            "child_modules": {},
            "Compiled Times": 27,
            "svclass": [
                "transaction",
                749,
                41,
                3,
                2,
                4294967297,
                "generator",
                4419,
                431,
                9,
                4,
                4294967302,
                "driver",
                7878,
                1008,
                23,
                4,
                4294967352,
                "monitor",
                5596,
                630,
                18,
                4,
                4294967430,
                "scoreboard",
                7078,
                796,
                13,
                8,
                4294967475,
                "scoreboard::cov",
                0,
                0,
                0,
                0,
                4294967482,
                "environment",
                13316,
                1278,
                42,
                5,
                4294967542
            ],
            "nQuads": 1375,
            "end_perf": [
                0.22456502914428711,
                0.13817099999999999,
                0.077094999999999997,
                247592,
                255972,
                40686798517126918,
                4294967297,
                0
            ],
            "nRouts": 113,
            "significant_routs": [
                [
                    12,
                    "U_VCSgd_IB2K7_12",
                    3038214,
                    1457,
                    141
                ],
                [
                    49,
                    "U_VCSgd_IB2K7_49",
                    2036956,
                    993,
                    131
                ],
                [
                    95,
                    "F_VCSgd_IB2K7_27_0",
                    2440838,
                    1126,
                    132
                ],
                [
                    97,
                    "F_VCSgd_IB2K7_29_0",
                    2709354,
                    2253,
                    311
                ],
                [
                    99,
                    "F_VCSgd_IB2K7_31_0",
                    2346054,
                    1693,
                    205
                ],
                [
                    102,
                    "F_VCSgd_IB2K7_34_0",
                    3511868,
                    2574,
                    345
                ],
                [
                    105,
                    "F_VCSgd_IB2K7_37_0",
                    5065988,
                    4799,
                    668
                ]
            ],
            "nMops": 5266
        },
        "std": {
            "start_perf": [
                0.2246241569519043,
                0.138209,
                0.077117000000000005,
                247592,
                255972,
                1722450490.4774771,
                40686798517243626
            ],
            "Compiled": "Yes",
            "child_modules": {},
            "Compiled Times": 27,
            "svclass": [
                "$vcs_nba_dyn_obj",
                576,
                35,
                2,
                2,
                0,
                "sigprop$$",
                576,
                35,
                2,
                2,
                0,
                "process",
                2380,
                200,
                8,
                8,
                0,
                "event",
                597,
                34,
                2,
                2,
                0,
                "mailbox",
                1769,
                140,
                9,
                9,
                0,
                "semaphore",
                1119,
                83,
                5,
                5,
                0
            ],
            "nQuads": 315,
            "end_perf": [
                0.23423314094543457,
                0.14294399999999999,
                0.081967999999999999,
                247592,
                255972,
                40686798540273988,
                8589934594,
                0
            ],
            "nRouts": 33,